PC1,PC2
-1.6195298795599244,0.45095009169874534
-0.7991699349839546,1.8565530606792342
-0.7484790927753519,0.8820388613867973
2.35767263317844,-0.26997600938068567
-1.6195298795599244,0.45095009169874534
-1.583707273367963,0.5691948836514896
-1.1014640297998555,0.6080149987840235
-2.2487076476621817,-0.4168347770060503
-1.0868865233527092,-0.30856949510600545
0.6547895249460736,1.665207395783859
-1.1252042864555507,0.8605121934499287
0.6547895249460736,1.665207395783859
-3.026861032322052,0.49353969150554367
1.5388977301543836,-0.23512582864211976
1.5652680835125399,4.795247030492088
1.6212487869717154,4.780069779618031
1.1745656164945637,1.1427982171557707
2.695204740121197,1.2154942019634933
-0.7224383082083905,0.504671914070142
3.3353127554432533,0.753668755016671
0.6236446132149628,0.4401133117154609
-0.20598453653144314,0.9679491803451106
0.6964073097695572,-0.39699873670220603
0.0531056347363902,0.4165427428512392
-0.878555343147711,0.38113318629521603
-1.1646340665135708,-0.6103550449558547
-0.23939378666814645,-1.1940107818795198
0.6964073097695572,-0.39699873670220603
-1.735217838903936,0.5887956403312676
-1.3223717358754266,-0.41040658616251624
-1.5597568101209214,1.1619037455913444
-1.8055655652213112,0.6709771974531865
-0.08957396557773406,1.5644346169018237
-0.0868057779065403,4.397298606466492
-1.084095921204123,0.062167363377754144
-0.5616280919223078,0.5196887485516521
-0.8281130123869224,-0.9885227830518434
0.43405973920720603,-0.5495251925698852
-2.9866737062837423,0.3196738517227748
0.7643757415450931,1.059098419130934
0.7643757415450931,1.059098419130934
0.3508809752581214,0.7156797358082655
1.4013916934816473,-0.1977893882059083
0.3618357391778304,-0.6802530754908088
-2.1419993938305306,-0.5934858816056393
-4.278923878473543,-1.274774628313538
0.23321593871815052,2.4852782512364335
1.233093676438215,-0.6704409729285484
-0.9392660840130532,-1.073132934936632
-0.6578526240196974,0.46050800397699587
0.5884071167499708,-0.550912099752465
-1.5611171524589065,-0.539038359893249
-1.521344396369759,-0.7227802438943524
0.8463938492545271,2.1233610795119895
-0.2549825024898934,1.4610657534983316
-0.7114308045697102,1.510872463508653
2.3010990792960437,-1.2849985020154375
0.3129421838187702,4.207417346631717
-0.753198428369583,0.5697809827368957
-0.5179055290211998,-0.25864334990795373
0.532821687430351,0.43797195975541153
0.703581544315413,1.7969729990637133
-0.697513738730714,-0.040819620176031995
-1.55792376306704,0.6697502064718236
-1.7064217470405705,-0.4252041618930646
-1.7064217470405705,-0.4252041618930646
-1.0603795646731562,-0.10342924789412526
-1.9577516485305113,-0.854449532988704
1.4028244907340388,-0.0055845314200185
-0.7579614574366567,-0.7224766700301715
-1.0002319849912455,0.16100674307506643
-0.7698008177239108,1.4264225633955059
-0.8564744067112844,1.4154045384025673
-0.14632245481969092,0.41808573823983447
2.0695854230470077,1.0904786124794297
0.913534633441859,-0.7510403841285899
0.913534633441859,-0.7510403841285899
-2.1689730846078414,0.26513163153352126
-1.6937334706249028,0.8770068202542387
0.8951946477362809,2.211040436330265
-1.309847711744906,-0.9940466244625186
4.283261192004217,1.5722561502751793
0.11963981771266258,0.9956804837205436
2.0992845306724903,1.4967070796617934
-0.27916975070549793,-0.3109412574481777
-1.2988014359669444,0.21490749575253917
3.3214305188753404,1.5605729468658438
-0.5117532179144068,-0.5315275981352563
2.5084062998038075,2.1542727161666466
-1.357305262473164,0.10164320174751212
-0.1748202744311632,3.090370224295864
3.3214305188753404,1.5605729468658438
3.4105466977321344,1.5006177916693335
-0.5117532179144068,-0.5315275981352563
-4.636036391631365,2.360364766561067
-4.094019331819055,0.06608664723217417
-1.8944707555842344,-0.0742386060608958
-0.3218311237726153,-0.766002408401758
-1.5398143917383535,-0.1727669654557929
-0.21929930251454707,0.21121386147185842
-0.29057516058280713,-0.017535744480250137
-0.4651801589297106,-1.0801654002494234
-0.21929930251454707,0.21121386147185842
-0.344190825753742,0.6085879545191625
-0.7786889407794682,-0.4799043927220132
-0.344190825753742,0.6085879545191625
4.4451143690431705,1.3811915826524583
-0.7906447831637794,0.7648055630788402
1.1214079467396156,0.5783470339096599
0.7760372372468158,3.5164852619238083
0.3893093279982475,0.09999715107358131
-0.06692585277001484,1.2028885081278156
-0.020172858717519837,1.3668136410235525
1.6121262554314086,0.15783709063706125
0.3893093279982475,0.09999715107358131
1.1701730688001357,-0.2752938615977672
-0.1289734058386133,-0.1969241309969411
-0.843693292798163,-0.23700616484226364
-0.28529591777286745,0.058313459667721224
-1.3649561190483288,1.772432864041076
-1.1259928612974168,2.076703982979034
-0.28529591777286745,0.058313459667721224
-1.5080361038382288,-0.08902217130792338
-1.2702303585723307,0.5185231938554533
-0.9871753021645523,1.3689823337157772
0.6535981741938707,2.1992055364612844
-2.830574054969638,-0.12966937903812523
-2.8865580775907116,-0.09821953821391739
-0.6489363791527077,-1.3198572292293904
-1.4351379917682576,-0.903002593664577
0.7291803576305896,2.7041346315175367
-3.1815674801918856,-0.2223920277934669
-3.1815674801918856,-0.2223920277934669
-1.940288461211308,-0.26074650171470704
-1.3980457871172196,0.5703002448765424
-0.08156797552433293,0.8576911642980696
-0.08831828941413648,0.3653747056274438
-0.30947037236651886,0.04825575693337226
-0.6509153483795551,1.3050471411220945
-0.6376333052757239,1.4354869455284465
-0.08156797552433293,0.8576911642980696
-0.08831828941413648,0.3653747056274438
-3.861759370650243,-1.2540206557623446
-1.3645525915109102,-1.032057918163563
-3.861759370650243,-1.2540206557623446
0.9478565718357304,2.773904046800181
-2.86616625980589,1.423467492112576
1.3500850062240386,1.0865134367593776
-1.414775449527552,-0.400586110016677
0.046225123682244275,-0.479170397527355
-0.05234471457224355,-1.7035736583207792
8.653323829540454,2.758327476251384
-1.5483622370744712,1.5184206096583825
-1.5483622370744712,1.5184206096583825
0.27129447223791764,2.433155031917877
0.2642108517627605,2.372087551871568
0.27129447223791764,2.433155031917877
0.2642108517627605,2.372087551871568
-1.8504402677470382,0.2658755540459907
-1.6116568675554106,1.3626049660125255
-1.2863662634398956,0.10210718167021991
-0.11205431491474423,-0.2955952783186783
-1.0745940541248755,-0.06125010349030953
0.022625466873870372,3.911599313558906
-0.02002112415012217,3.8217930035732977
0.4789708793482803,0.9279228819222167
-1.5053459390871395,1.3290516808965354
-1.5758280610952797,0.4505359305979984
-1.972536102897404,-0.09185951996594317
2.872658439803242,1.3782062537619117
-1.7374823767807341,-0.11110483745860038
-0.07798134231184424,-0.684906320767489
-0.07798134231184424,-0.684906320767489
-1.778542888338835,0.06310800140916611
-0.6626505532160973,-0.5797038418682494
-1.0757918992922144,0.4085488113027667
-0.6626505532160973,-0.5797038418682494
-0.6171102918821865,-0.6065352116333725
-1.966633863000282,0.10414287448585267
0.0007363889102818032,0.10410823897053789
0.0007363889102818032,0.10410823897053789
2.6396295607221267,2.2138621596739143
-1.5910314458543933,0.9618520079352175
-1.3683453725659749,0.6620699957214354
-1.3224964681678757,0.4890395317166821
1.3207044228493807,0.8621226946742255
0.3513539949177551,0.35072918413953713
-1.0271375132030716,0.16195639686982738
0.3303134291977373,1.8120331211881935
0.2942474924591047,1.8944150522156546
0.6851392107121423,2.0677788645826856
-1.109266966159081,0.3521196037572834
-0.533884291926817,2.3971597106166054
-0.5314281086259105,-0.5038471048527088
-0.5314281086259105,-0.5038471048527088
-0.05624522516201958,2.0094980480417224
-0.8389402162970924,0.2668793053220616
3.1687119244185307,-1.2973681775283261
-3.612678913214157,-0.42181287945217705
-3.2171636118368134,-0.04408723260634296
1.40501467390583,-1.571262326448803
2.4118183463452088,2.757687099991478
-1.0594048239547829,0.13642007065819792
-0.38246472582949265,-0.05764675845177541
-0.33718002534467434,-0.1758226004873832
3.722655254667053,-1.4596929023139893
3.722655254667053,-1.4596929023139893
-0.3600131153880258,2.010370811420046
0.4470084359476532,1.2525353851644698
2.183062606417,-1.7844794394647812
0.8348224403598945,-2.4799224143266483
-0.5726206310555882,0.5536574649546838
2.3495582336049248,-1.6551357596397893
-0.7422193182297474,0.9078745871984946
-0.37493580925096487,0.3964278645547768
0.6053585635386118,2.1790906421423473
-0.0859155380862923,-0.21190743305472357
-0.7009738214014677,0.4082378149931932
-1.0081885153048686,-0.27148120347088867
-0.009604810432316185,2.3507363074404966
0.09598282827134265,0.4891473428805999
-0.04369041970783397,0.7109432585002945
-1.9285545215186781,-0.89237655745825
0.1547415840825768,-0.3075203777470255
0.07850707291499517,0.21061541616874732
-0.5987625958010967,0.720737573762632
3.8419206216743347,1.774647729620178
-0.3416131050460466,0.22041560242503536
-0.5987625958010967,0.720737573762632
-1.1373372112378086,-0.5214147102439414
-3.321435102749659,0.07581732856574117
-0.9130420736897887,-0.19988858399284376
0.45951873967913,0.6094146813647546
-1.1373372112378086,-0.5214147102439414
-1.2034298706345536,0.710224819762073
-1.246282737025653,0.6433141869665394
-1.246282737025653,0.6433141869665394
-1.290273876049357,0.6602833875428099
-1.246282737025653,0.6433141869665394
-1.2034298706345536,0.710224819762073
2.7061195519082304,0.5174757062977198
2.9516461248667842,-1.509280195325218
-0.40689370967077637,1.9515424529219108
4.3848272440720715,-1.0247635260524344
4.3848272440720715,-1.0247635260524344
-1.1975516217408653,-0.19936518052369062
-1.4178381755544909,0.7708855748949307
-0.38581104683343964,0.7155250865419074
-1.233354191267432,-0.27099708136710415
-1.1975516217408653,-0.19936518052369062
2.0077020630376086,-0.6850114741011692
-1.4717802583067554,0.24808083615846452
2.2026245528154393,-1.2476067191811175
-0.08559582221338767,0.7329534748873799
-1.4717802583067554,0.24808083615846452
-0.053326517613418147,1.9352626806632076
1.308863850208771,-1.0495722663442408
-1.7829999544089914,0.8830724950339933
5.154538183201299,0.8029187119956587
1.8932237036517874,-0.6154245614384989
-0.030834759621521407,-0.014675664329232653
-1.8616630343601082,1.260056650974122
-1.179122341751105,-0.4571614664819086
-0.02064282709833673,0.38222027448735724
3.127578049269052,-1.1981025270978576
2.2246350725837463,-2.0684582086111445
-1.0019754373138097,2.3318184260084633
0.674769340177313,-1.2618817279740149
-1.1453573138808337,0.1452629274650139
3.3447008346155753,-1.178111771790985
-0.7248860488500437,1.1646552375748214
3.3447008346155753,-1.178111771790985
2.771449327871321,0.3677494540970094
-0.23543916667689302,0.28915009533722213
0.42754622047656976,3.189533256236014
-0.7248860488500437,1.1646552375748214
-1.1453573138808337,0.1452629274650139
3.3447008346155753,-1.178111771790985
2.0184469857599834,-1.7212308683337256
1.235701735725085,0.28038121000402294
2.958256890895628,-0.9539421625700882
3.403676647553304,-0.654720185826942
-0.6283747189275527,0.643773527313773
1.235701735725085,0.28038121000402294
0.8564408581158209,2.2161916828875596
0.8564408581158209,2.2161916828875596
3.02957326426578,0.15025871790586728
-0.49596551250021154,0.8665070518925352
0.05324163028212604,0.3529699398181864
3.573636836590484,2.260190024052984
0.05324163028212604,0.3529699398181864
3.1380872881777253,-1.0116157780864758
1.2860446803776648,0.48018267618866434
-0.5791072839568479,-1.1153004623978418
4.374874748146723,0.3834500613326607
2.6554097669486234,-0.5293973020109096
1.0261298846108164,1.5353087182916072
-1.4939932496532997,0.11275174022244931
-1.2483651730899574,0.18920505212263325
-1.681870059357476,0.25850581319838556
-1.1264712451376366,0.2740279861980683
1.938629386498401,-1.9306125976371706
-0.4496452622649892,0.3837548451346783
-0.8928311580340369,-0.18011698692873843
1.116461506625747,1.019760453905401
2.1603017813016536,-0.4346701750132809
-0.4910972431508527,0.14642952164015186
2.574841530836389,-0.43563268862362653
2.6166705743275624,-0.5033212819209367
-0.22725766606435718,-0.8828622484373457
2.1603017813016536,-0.4346701750132809
-0.375546411456406,1.1749067858120659
0.7792982786870999,1.450877507648023
0.3710963966023206,2.654981240529093
-0.3183422580603761,0.4882639373744599
-0.5326234561043489,-0.14573853523417507
0.9860423937377693,2.509703790707431
0.06822272057290807,1.8788849171132145
0.806771889482743,0.4657984756465562
0.06822272057290807,1.8788849171132145
0.806771889482743,0.4657984756465562
1.0916792269966267,2.036068499073066
-0.5788303293895678,-0.2168176711177162
1.5387085810303955,1.9136730440597418
2.7701313446080125,2.4101693769743386
2.7701313446080125,2.4101693769743386
3.0882719489896724,-1.524879526964869
2.006969978578328,-1.3874525470409766
3.8471823889858157,-1.2415864320381313
1.5753528033322521,-1.0112956948857688
2.1154592093865814,-1.4712975527301757
2.1154592093865814,-1.4712975527301757
0.1786554068751354,2.036234446146613
-0.3867093479166588,-0.1765701920608604
-1.152894792250137,-0.24604598706839506
2.6717712544209453,-1.1424457115145188
-0.1733217269619949,-2.575645472961956
0.18440497656922325,0.8452142718117531
3.7011213980967614,1.1141659143200546
4.360085953933689,-0.9846650313428451
3.880099482270393,-0.8151317634848727
1.8077388524376596,-1.853109357460931
1.988951415394061,-1.2395024171832887
1.988951415394061,-1.2395024171832887
2.9967047819411152,-0.7406558535761538
-1.7615899212850357,2.1311055157753023
-2.4219555469916023,-0.30677199423525786
4.063003659404629,-2.055664755703911
1.680070085290432,0.17122789631492785
0.08156797388785712,0.683354935288566
1.821219471316509,0.6080828106778661
0.06574513042879385,0.6797324869324427
-0.5215125466738246,0.050237259268333466
4.385367907186391,0.3483803484918887
-1.3515812947874868,1.3172855611934324
-2.7057813830393123,-0.599325134018024
2.7234437430866754,0.43550192169380536
2.1061349112005168,-1.3859029319345082
3.6388419184216376,-0.8380617121836791
3.7414000870414705,-0.43033801181722053
0.2955272142251914,1.1669837957727556
0.8138335373687285,0.46857719813931187
2.97695820789548,-0.6880494052298027
3.6718441860685167,-1.5610434792052827
4.390653069235741,0.4504863945043202
1.981423459991633,-1.5188573994865016
4.390653069235741,0.4504863945043202
2.5924386010003246,-0.07169022670007413
2.8682259744611924,0.8654894088138705
1.9125895389549261,-2.462360991432112
-1.8495910201984533,2.019624778163352
0.786831209339126,-0.8351799527571546
1.3366286349344323,-0.4651257466005463
0.3248483965046796,0.7103423891860037
4.789100720932041,-0.656262532748704
3.5943748229717682,-1.4267661197769343
3.0139608793867825,-0.14964683611891186
1.9125895389549261,-2.462360991432112
3.234199146903498,-1.3861900875512854
0.6695622555127335,0.3939114166854228
1.355873964656934,-0.8144367569983623
4.593526432258876,-0.08946889927002828
1.355873964656934,-0.8144367569983623
1.355873964656934,-0.8144367569983623
0.004783839137166884,0.9842152479791043
-0.7393599300452814,0.3372274130931112
-0.015493462696007449,0.9314155249768341
-0.5649616886456318,0.5070720371715446
0.027526856105579853,0.8766977905452681
1.4393322448585602,0.04932231735119111
-3.635740168802456,-0.4458648095074216
4.593526432258876,-0.08946889927002828
1.5948879567498322,-0.9552131681976094
1.200125924086555,1.1443398290497955
3.268021832021593,-0.8800006176567463
3.176370321298845,-1.659578740372078
-0.7938026887224168,6.22260481659505
2.316502363341558,-0.40094060899113354
2.316502363341558,-0.40094060899113354
0.019330265879660673,0.17522986305565091
-0.7938026887224168,6.22260481659505
-0.6205928734023616,-0.9146718888144342
2.9964057024824475,0.30798180972096123
2.2784035199839465,-0.3155000913366035
-0.6131879622536219,0.6413609186168037
0.6129803357349791,-1.3481507002624982
1.337068943107191,-1.0963538906658237
3.1088759300251616,-0.9005058682044214
2.4579020633248314,-1.4786860638663095
2.8649430282816346,0.798505841230242
0.6985937910559333,1.4914936242577566
0.7181294029590646,1.202886263055458
-0.6885625005414877,1.2751902597338878
2.321586675538844,-0.8970880324847393
0.8292931978130549,2.163359043287671
1.9665107324759805,4.337013993154063
1.7348103656709086,-1.8747375555750938
-1.727393878181784,2.277455381327141
2.8281449764566067,-1.1974679930110708
-2.2391736674639295,1.7592747458710107
0.5106157520180633,0.7410419320797719
-2.938864442057393,0.6182327149463899
-1.9084363081537108,0.4416919299065068
2.3099854259550416,-1.9013124486154385
-1.9084363081537108,0.4416919299065068
-2.938864442057393,0.6182327149463899
-2.6707163972826615,-0.08695366584673236
0.2006621433031852,-0.3301031360626187
0.6338558597247114,-0.47721045800860057
2.8257145394475676,-0.07206526068916282
2.3099854259550416,-1.9013124486154385
0.21273153356061653,1.0309423634545767
2.565580922889667,-2.442174897415888
3.214287170164484,-0.9396309199953669
2.850826547529467,0.47671651785878444
3.214287170164484,-0.9396309199953669
-0.6255280881867232,1.3643723915201296
2.675853311941227,-1.5612255310541652
2.850826547529467,0.47671651785878444
-0.5521699251844672,-0.1530334497629284
4.4118575446219275,-1.4448112356832006
3.049733429445536,-1.707851870095746
5.53703430864352,-0.38672202492495233
1.048963437259516,-1.6084496144013558
-3.1376245647615115,-1.8748180768134466
0.10045907494217482,-0.12291621735198048
3.39128140359291,0.7277726562155183
0.8059203800513046,-1.416169128440943
0.16089106573085182,-0.720322364386359
3.283495788991862,-0.6415088008885924
3.283495788991862,-0.6415088008885924
3.9224729376312237,0.26261154099584244
-1.5123912476861852,0.2384534213564092
2.554541215299544,-1.5580914085566098
-0.8506346052852038,-0.5475870164553472
2.3670553857152936,-1.6462128175883728
0.515016532115459,-0.7204320062384741
0.48785359985632853,1.743721238933351
2.554541215299544,-1.5580914085566098
2.751515589164908,0.21606044557165502
0.8215764226659409,-1.1587911649979015
0.27570959987517957,-0.17999063538057422
2.289461931480524,-2.029066300135215
1.5426851117820015,2.318005329536939
3.3122211583706784,-1.2516548788298951
1.9526125889427635,-0.42199127463838093
1.5030588284989583,-0.3473126078373251
-0.07836589901698345,-2.840817278382046
3.2270314910680553,-0.9342831478425093
-1.2202827208956692,1.3686094865526477
3.7817974753637436,-0.6279096265980271
0.9666295414527964,-0.021046166024989328
3.289102325150186,0.39983146042226814
1.589005724805306,-1.9040018231722053
2.457239254431193,-1.07385931135417
0.9272853346351128,-0.4037195648651048
1.4104816141520795,-1.265478813837661
2.459297608658716,-2.05594768367853
0.9272853346351128,-0.4037195648651048
0.48841091668035064,-0.14915432295577655
4.434488117052109,2.09353190464108
1.9266536124691034,-2.183017105723945
3.7231316448237,-0.9898697093795957
3.7578171079804368,-0.9507676492358158
2.4842780807153404,-2.146817021397717
0.773305264907284,-0.9231624778224388
0.773305264907284,-0.9231624778224388
0.7756812448018348,-0.976331798870846
2.8436471721103938,0.8131891944172724
1.13294085716838,-0.7847709954189402
0.2547192874549051,1.0407474525216391
0.27436525362088954,-2.3494460770677836
0.3839519462866203,-2.3461989435945823
0.26098462471964357,1.216933699849851
-1.0262892881432022,1.5300139336512812
1.9459265638612742,-1.8892524713582184
-0.13236166660874807,0.3824261317874941
0.07467375387589222,1.9368300416644373
1.9459265638612742,-1.8892524713582184
0.26098462471964357,1.216933699849851
-0.13236166660874807,0.3824261317874941
3.0749673133995117,1.3638655879871888
3.0749673133995117,1.3638655879871888
2.400907959981256,-1.889673695251283
2.231941195842307,-1.9031659224248
1.8015424932883268,-1.8591275223408015
2.132662227468457,-1.9432184720313852
2.509380421039691,-0.5838429482315082
1.3467202587788962,1.0770668240606651
3.9279894791690206,-0.8668028713478956
3.0242933141488018,0.313408863941841
1.3467202587788962,1.0770668240606651
2.821733672633693,-0.10472247540988415
2.20106917409439,-1.8893812762690418
2.20106917409439,-1.8893812762690418
2.644373512634948,4.336470828683798
2.8791229529315596,-1.0718662087279747
2.6346799078795056,0.09256716736140135
1.9558882247197316,-1.676146191277325
0.35662853515670934,1.5526093250109492
1.7072111654799595,-0.6504251137388408
0.31717722926852987,0.18387036958983813
1.2410749274415889,2.9406139951202293
1.3775382711809363,2.8177071996057066
1.3848824940789395,1.586508634610062
1.3414785138779708,1.4895425974082301
0.35662853515670934,1.5526093250109492
0.07268295880318941,0.7736715890134185
1.235575081392732,1.4715583892773691
0.9447424025478698,-0.2355645725542624
1.0138880616660424,-1.3821479289571563
2.9383534148977035,-0.3275257312160365
2.9383534148977035,-0.3275257312160365
0.47334119468020297,-1.9151305157828982
1.218591362641802,0.10560591302189384
1.0138880616660424,-1.3821479289571563
0.9447424025478698,-0.2355645725542624
-0.5205232391585191,-0.7812905600550346
3.442522589050121,-0.9061752760406597
3.026652107153767,-1.0160334728286988
0.8968921472356075,1.0127639515904205
2.003398444854395,-0.7173179524770636
0.31689247378247803,-0.704514006481718
1.8247769451301248,0.23060729311941192
5.502081178669211,-1.1052961880998105
1.8239973659046564,2.5054265428691074
-0.2215594283665708,-0.1259882370660492
2.186828988263717,-1.5535144769810842
3.0844933988386365,0.5270151151515474
1.3535420623964547,-0.4548103150215151
-1.4172650277678565,-0.3240139980866034
1.1680107865287401,0.03979639782524812
1.358281009478755,0.03764360846001724
-4.065240931958506,1.5945312824391813
5.091937172098771,-0.28501244820346244
5.091937172098771,-0.28501244820346244
2.7267952191248614,-0.6602071843636037
5.120049763471576,-0.29136116692310027
2.7267952191248614,-0.6602071843636037
3.062878692703561,-0.8682337614131541
2.4573808887851145,-1.3501310525608061
1.2602333703870714,1.970123650275003
1.7442200184530445,2.8531245451527365
0.6939285693482844,0.40902795212399656
3.062878692703561,-0.8682337614131541
2.4573808887851145,-1.3501310525608061
0.9754024843834839,0.43426646770137545
0.9754024843834839,0.43426646770137545
2.367762327833782,-0.6273688748617338
-1.9085880544912845,-0.7625046861681914
2.685210413622498,-0.83096213496241
-1.9085880544912845,-0.7625046861681914
2.0104518010345673,-1.2645712666469295
1.4055815163629557,0.17475861678406446
2.4101750597219125,0.6850393783726774
3.039569954394815,0.2103372284018008
0.44935630297574347,-0.8477820462473327
1.17023194693535,1.4490722626070938
1.1489020517134847,1.3451314864212738
1.8141879414487037,-0.4432074210051341
2.506114824452684,-0.8541626444945202
2.506114824452684,-0.8541626444945202
2.3106895364385753,-0.7105361208665382
2.9393250510096522,-1.399847932481519
2.641733832435936,2.2453082269319493
-0.328285046840953,-0.04662828172662646
3.070806831847587,-0.5379846597574744
-0.4138849117849634,1.8209320738733326
-3.5334175807450436,-1.82827771860985
2.2884413683049485,-1.7985755110429187
1.0591690482420004,0.9384035971961341
-0.6460728358005023,0.7088849384805669
1.0591690482420004,0.9384035971961341
2.2455315428274596,0.3936140643165526
-0.7074563084042844,0.9923752643900363
1.6993205478388214,3.5677005631142005
3.082590146095737,-0.9726784880621074
2.444872730502116,-1.2851378511048595
-0.18773847572338395,-0.531788747562145
3.2697024653069726,-0.26154746493575404
-0.7753113602972218,-0.19715309442595533
3.368849044771125,-0.10879250803285118
-1.1299632639182773,0.19703692199507494
3.368849044771125,-0.10879250803285118
0.5168857258771022,1.1686368421917075
-0.04220295006470067,0.015032023383615265
1.137635110521053,-1.4137777721541662
0.713877698386869,0.722321478799975
2.148392864425557,1.3816252041963262
-1.9144044167331347,-1.0762355001034407
1.1729366311554343,0.5919938175992282
3.9241922417950597,-0.9456702417565707
-1.2218850396921705,0.3137516565543684
0.39103570761086986,-1.0355509588530485
2.342194175055098,1.104571678935887
0.7543492823746313,1.4540967724180753
0.7543492823746313,1.4540967724180753
3.2325815337668304,-0.8934331583434394
3.0997710174807973,-0.8912664210424529
2.750363399921212,-0.9767789669241344
0.3239205326365575,1.8006056073319177
0.24146845934344321,1.6132130090149963
0.7895434017324091,-0.29025363667118403
-0.28960173789345484,-0.30745383520982944
-0.5076451034782691,2.153285698696921
-0.5076451034782691,2.153285698696921
0.30249436441792493,-0.2725976115047461
0.30249436441792493,-0.2725976115047461
0.45476945422365556,-0.1542977439347933
-0.15032642072743965,1.5699837438700577
0.45476945422365556,-0.1542977439347933
2.330998011838697,-1.0535209550027074
-0.5640455701006852,0.19511473607037355
0.48422506404147886,1.4365061627314792
-0.1917234151495754,2.380621689008713
-1.4549979342134758,0.6593756675805645
0.2829973202430439,3.394785398955941
0.17917896293531702,3.3931092989225187
-0.9915427767279856,0.06016025079697903
1.9305513135831351,-0.1061730003621689
1.073181326285533,0.24910691053642664
0.6988356004849191,1.0665027864290504
1.073181326285533,0.24910691053642664
0.6988356004849191,1.0665027864290504
1.073181326285533,0.24910691053642664
0.05162848950373528,0.26227215869967013
-0.9525388350675706,-0.038377681343098005
-1.3575718616259191,-0.7221425205969417
-0.014823517117196046,-1.0720865926391416
0.07310610034596594,2.6581370717265966
2.5938861148517547,-0.49402202253221705
0.523751941645613,3.5731632110981235
4.710700774149899,-0.8962169815330789
1.7125795627223936,-1.6682859159822614
1.2851172441460927,-0.5580536026803126
1.4352652672537332,1.2354405072994665
2.5938861148517547,-0.49402202253221705
3.0171314167339465,-0.41244763849457877
-0.5471258646395297,-0.7053719820678167
-1.527018514065346,-0.12899084752043147
-0.5471258646395297,-0.7053719820678167
0.2241259905335344,0.1811609032476391
-0.9089314827248351,-0.24447147117956716
2.168775455190784,-1.8944758899443037
3.3058032989715778,-0.16174776362750637
0.5129785576750818,0.9327068078128845
1.4493353134263947,-0.36120563507967135
3.062823451249323,-1.087387849376862
0.6596264952448654,-0.5814092553143129
3.062823451249323,-1.087387849376862
-0.47580281568955435,0.6283219257496215
-0.35542819243009227,-0.5853556856726158
0.19119665638060707,3.9287138920546316
-0.35542819243009227,-0.5853556856726158
2.2968980252164024,-0.8855622292592801
1.0810298366683095,-0.6482960122957663
2.2968980252164024,-0.8855622292592801
-0.9159669308934327,0.38623957398665326
-1.136288786907188,3.0270027310992673
1.9507138259529424,-0.028642743488679887
3.5087897385345994,-0.046102232460612784
-0.146902404611548,-0.3624698890774861
0.21968002583405605,1.168079431052852
-0.9505923778934574,-0.9858433491057954
0.16187373277868256,3.8160693264355454
-0.9505923778934574,-0.9858433491057954
-1.1282483179655094,0.4146491685885045
0.775687472477372,0.6527153476794503
-1.7301171483283793,-0.7946881783104379
1.7673292924671835,-0.9550979290242888
-2.6804702401598086,0.46438831037656525
-0.24118526650044028,1.8338090000732343
4.087634350125748,1.494524449323013
0.7948184085079454,2.0287422772632655
0.7798279043339629,2.2029466716995048
-4.758505206152472,-1.4373697973796309
-1.5031913298653776,-0.0487400255382309
-1.5031913298653776,-0.0487400255382309
0.8853587564751004,1.4365296318600604
2.602888975984214,-1.7192927411077366
1.2552130712159277,2.0686008133603924
-1.5031913298653776,-0.0487400255382309
-1.5215231055748284,-0.03498443521343395
0.6282602714523371,0.9247114754608194
-0.538794214660691,-0.419203322659077
-0.5062429930800633,1.8901570480429737
-1.909632432848499,-0.17391092101458053
-0.8261519303120317,-0.048993933593865564
-1.04428411685684,-0.8368813276043671
1.4302104006746712,-0.869664738410205
1.348428354905414,1.7662395860874476
0.8703982880224681,1.9401333062743493
-0.5156619673269971,0.9012576843928494
0.11429389630827119,-0.025027299124838785
0.355631535948332,1.3934596966057786
-0.6217232722204237,0.17592003890550492
0.11429389630827119,-0.025027299124838785
-0.2947389763478033,0.08078094590116269
-0.4355056606768483,-0.16075441753972866
-1.3501286143250961,1.2525151029953197
-0.4355056606768483,-0.16075441753972866
1.0420716889783945,2.6071840893444427
-0.26234624040690213,0.20335414359877146
2.293812033608741,2.0041612998561464
-2.3702938616665934,-0.3161543743337186
-0.12490279640686759,-0.6820387065678373
-0.5079478759660259,0.7124269259366321
-1.5871915029952803,-0.6545898813076146
-1.5871915029952803,-0.6545898813076146
-3.29701539790283,0.6580977051271593
3.37144583671695,0.6675470915553402
-0.6433054554998107,-0.3873510161677965
-1.7313141901276734,0.21500902227937316
-0.49438986325351963,0.885678485862999
-0.48561577807888917,0.1985733205552329
-1.1764260007792817,0.485525777512878
-1.1764260007792817,0.485525777512878
-0.44862606733965,1.522033731404523
1.1455599351680024,2.1892737979649275
-0.3012038964292166,1.0994471669306993
-0.6916250792936056,-0.5132308940488469
0.6553976344685951,2.6415693815094583
-1.6468108655498261,-0.056280212094508834
2.995902759462549,1.4460222176402444
2.780856890372393,1.427674205694204
-0.8004391474788234,-0.09823362495018415
0.5933249533061027,0.2826823990335491
0.7606841722801628,0.4972874988075335
-0.8481938818950022,-0.09484410249724044
-0.8004391474788234,-0.09823362495018415
-0.2676249906015072,0.8564687247820408
-0.2676249906015072,0.8564687247820408
-0.4825227179771929,1.4555990234642562
-0.2676249906015072,0.8564687247820408
3.5839426937727024,0.5246073435968224
-2.5891072890064795,0.64413758690606
-3.5703028281936597,0.09378109959464506
-1.2304577577337998,0.35311234187263296
-1.2304577577337998,0.35311234187263296
0.7074499299825907,2.070810053966367
0.5072011433377304,1.130406396261445
0.14441035849570005,-0.24134540412904984
-0.9827025203674044,-0.42301325285546343
0.14441035849570005,-0.24134540412904984
0.09367570016112811,0.717935702114828
0.10809319257465812,0.8569353061417051
0.4713175435211746,0.9649214427210113
0.12434359658582951,1.63096546122261
-1.7070267968064454,1.914140826863335
-1.413080201788861,-0.0008952476849018296
-1.7070267968064454,1.914140826863335
0.33641962963386657,2.68285380629187
0.5645718683082671,2.492138043242899
1.0054344369857255,-0.5370434156484895
0.9774665354545328,-0.4794706363214513
-2.229706434614548,0.27141646954308746
-0.6617695317247291,0.48868064974209074
-0.5630911971460985,-0.20471284172359241
0.2881547817646449,-0.5586212720479795
-1.3430686585842433,1.6031919725084134
-0.6219828537649665,0.7479944783385626
-1.4273064449295003,-0.01767798848423628
-0.7530072268448696,2.2420523697011827
-1.4273064449295003,-0.01767798848423628
-1.6457033019862468,1.5454295758764696
1.457855946372211,0.015428393620580431
1.457855946372211,0.015428393620580431
1.0391845490067757,0.6525027506896209
1.0391845490067757,0.6525027506896209
0.6381596851475919,2.4148815906893764
0.45457636267313556,0.7056693191767914
0.24416732063872867,2.6724766014422454
-1.3969420779978983,1.4979880282474969
-1.500190928416308,-0.9004637690725881
1.0699673153291338,-2.534330251421314
2.448754753975624,0.4156344451818529
1.3986252389702025,1.0170068764139222
0.6151235297256374,-0.9563837736307071
0.8466055415754336,-0.9027348569077212
0.8466055415754336,-0.9027348569077212
-0.7436087176390017,2.533197811461286
-0.2952927499348096,-0.3812180598646687
-3.301583230074515,-0.6606881052291388
-0.18372123878838342,0.5520046723107754
0.02319060630766086,-0.8174039986565087
-0.46967059665807964,-3.0913573731306525
-0.20879091257589857,-3.1131004596514438
-0.46967059665807964,-3.0913573731306525
0.3008639885692861,-0.4498280899239772
0.07644901296097284,-1.1035911266919827
-1.1893956041904927,-1.1811854278646754
3.276642602709673,-1.1439804245315264
1.5058656655962508,-0.2120564861914314
-1.2840180198904303,-1.9975941065173983
2.977237253895137,-0.5219561884808953
1.5058656655962508,-0.2120564861914314
0.7586193354212646,-0.4323404204683618
0.9940548532203248,-1.727896251030292
-1.567756637802358,1.1120133445335711
0.537412114214786,0.9809816746804755
-1.4660497393634033,-0.1207708417481788
-4.177157020644309,-1.9594368883599513
-1.612325065555399,0.17842937939740017
-1.612325065555399,0.17842937939740017
-0.2593043179988153,-0.9475299070445915
-1.108279075502857,-0.24098750705788977
-0.5876882946989282,-2.2162543907957173
-1.108279075502857,-0.24098750705788977
-1.9106256098673993,-0.16926844270011385
-2.6253412622836074,-0.7198993017826508
-1.5354713065158638,-1.0318359643228578
-2.6253412622836074,-0.7198993017826508
1.6258680301685517,0.8567176342770666
1.9938540050009532,0.9917474995450073
-0.3584820745582043,0.07650947100200797
-1.3874441901811638,1.234707856910873
-2.144080699128075,0.2046414519361053
-2.144080699128075,0.2046414519361053
1.1961786718671779,-1.7132346973937984
-1.8901019088863447,-0.09496087900065546
1.7270732921777783,-1.5969699778315352
-1.6791312549003534,0.6832320590477788
1.543997861485829,0.8981629250733757
-0.31241586114358705,0.9284066609335241
1.4472111058133788,-0.7092962356603114
-1.6382048567558538,0.07407503109457377
-1.6382048567558538,0.07407503109457377
-1.0581547858272362,0.19311971550807078
-1.6382048567558538,0.07407503109457377
-1.6140740506817945,-0.06438040502234467
0.838590637218591,-0.8382118786484963
0.838590637218591,-0.8382118786484963
1.342852550652136,1.9140363927475137
0.11388851655798891,0.5349351753263807
0.11388851655798891,0.5349351753263807
-2.070099981126855,-0.985533850029741
0.11388851655798891,0.5349351753263807
0.0782061327650168,-0.9361232779895401
1.9819538735907245,-1.2726537186597775
-1.3409131791711932,-1.0380722087168615
-1.4266564755189313,1.4573187486050163
-2.5212874093884565,0.2614363124148459
-0.23633674934882362,-0.9968915540914476
-1.4861029365259446,1.4324831607062314
-1.4266564755189313,1.4573187486050163
-1.4530150446704335,1.4496658646424105
-1.227107761152835,-1.1947638568706436
-1.176487849765485,-1.2339893681545466
-1.3409131791711932,-1.0380722087168615
-1.688177629030159,0.4663171864529064
-2.4411359914113304,0.20321554231800018
-2.2869219169993578,0.8784245133471128
-0.9813478199816318,0.3319202874419271
0.4865361627551371,-2.360491227550896
1.6316001865820668,-2.174520775538336
0.7842933263582724,-1.9144750031354212
-1.776636563258654,-1.2750204876392215
-2.4411359914113304,0.20321554231800018
0.2934826730617243,1.8688648649682136
-1.5256663026235149,1.5971427397689955
-0.0843986050860628,-0.7784484945528822
-2.1795215533254564,0.3731589071636596
0.8641381032630725,-1.1317591671277845
-1.5256663026235149,1.5971427397689955
0.2934826730617243,1.8688648649682136
-0.2468355540420113,-0.06621517741066499
-0.27633340685008856,-0.044216844271477984
1.0740071880314972,-0.2592166573662438
-2.1914829792012918,0.9297538831005893
2.578981615951546,3.64632009281748
-0.9638353760364373,0.45831266179469443
-1.632450234999804,1.4525087710605955
0.9904027529832032,-0.5947595664808448
-1.632450234999804,1.4525087710605955
-1.5879351718634034,1.4411796479334906
-1.858545943833565,0.5603880635366513
-0.03589975882165437,-1.5507690253486455
-1.858545943833565,0.5603880635366513
-0.03589975882165437,-1.5507690253486455
-1.5035164000432535,0.11343390970062353
-0.04455994911160068,-1.587683698560782
-1.4964796635865032,0.02278779294351324
-1.4964796635865032,0.02278779294351324
-1.314322961612035,0.02077337368645954
-1.314322961612035,0.02077337368645954
0.5732576539541335,1.7934027163721695
-0.5903885939805776,0.18705882664017032
-2.8622036952041405,-1.417421245815733
-1.4759785780219623,0.9435429362939401
-0.9408832133411584,-2.5545375607778653
0.9252665962547101,-2.426717924835867
2.5195601238284304,-0.4134859528033909
0.6161476818568972,-2.228656858437286
1.0194642209990603,-1.9514229112007948
-0.9408832133411584,-2.5545375607778653
0.24780241621619709,-2.6116138061368175
-2.619326622471901,-0.1250118215616778
0.5455679229064234,1.8636419566632147
0.2525294026353402,0.7022306376835721
-1.050238851381613,0.3825590090471778
1.033863138158748,-0.9407801025225079
0.2525294026353402,0.7022306376835721
-1.050238851381613,0.3825590090471778
0.5455679229064234,1.8636419566632147
0.13640977199942517,-1.1812347327146004
0.06532971073453407,1.2582419167127656
0.730075709491612,1.7196070669608103
0.14397107369269727,1.012611566445104
0.13640977199942517,-1.1812347327146004
0.13321835675696664,-1.9511393535627304
-2.1345905924917274,-0.40558133553252407
-1.373780317448403,0.2795666251525067
-0.447129565094584,1.0637606591010125
-1.373780317448403,0.2795666251525067
-2.1345905924917274,-0.40558133553252407
-0.0006387445708387958,-0.6747189623536082
-0.0006387445708387958,-0.6747189623536082
2.1187741000981593,-1.2115619984795623
-0.8711840077107685,-1.2840754571552842
-2.5488070791585313,-1.7917893633405793
0.5649894980189681,-2.142164849491124
1.0682587509712131,-2.020704123441206
1.590452061465151,-0.03251336207630105
1.2338292453931168,-0.023742496090437142
0.504845308138977,-1.7208532833683858
1.2575760793810828,-1.8370773132593425
2.0798921079716424,-1.367066282281168
0.1329594012232747,-2.732040165463664
0.4531806479007355,-2.4197191134920186
0.4531806479007355,-2.4197191134920186
0.4531806479007355,-2.4197191134920186
0.1329594012232747,-2.732040165463664
0.06515447662382033,-2.160386715159269
0.8109665519248439,-2.8380638227916584
-0.7748133270894305,-2.071975316138039
0.8439882770884788,-1.5782664286368628
0.7116932898941273,-2.1128978019879194
0.8450314481791231,-1.0309476440280576
-1.668887383201326,0.11227674361204652
-0.781280513085318,-0.01118621517938294
0.21702725247166674,-0.8462585616046118
-0.8190645870378737,-0.5995244005829511
-1.1414208276206366,-0.336166512159719
0.8857420107893543,-1.1733846194039634
0.21702725247166674,-0.8462585616046118
0.30236880153931994,-0.46173305907306533
0.880456378780115,-2.086482754867884
0.23755958551498513,2.2414315808907976
0.12309840884183965,-0.7540089225434135
-1.3969091918082734,-0.4322401531440659
1.587101301745894,-2.1716947001922167
1.587101301745894,-2.1716947001922167
1.3688663907750749,-2.0259398623021796
-0.22154728726897435,-1.8734558040036302
0.7832629197287647,-1.4754131530484056
-0.6045201989114611,1.5885902325447667
-0.6045201989114611,1.5885902325447667
0.724579861452685,2.81807119981472
-0.8699262500629649,-1.2715601607403881
2.0660747857960176,-2.1031033889756046
0.4131383515568269,-1.1220215726277032
-0.0026172278221968976,0.03818845756787248
-1.039528918457661,0.7571785173337668
0.4131383515568269,-1.1220215726277032
2.0660747857960176,-2.1031033889756046
-1.9656130851413585,-1.3122336321877366
0.4075832065960846,-2.66725434040845
-0.6761263025798105,1.3733183639958162
-0.28645343233755366,-0.06609902347072125
0.7952733581754591,-1.6193936986489252
-0.28645343233755366,-0.06609902347072125
-0.6891900409480921,1.2167158484279446
-1.4426813341842528,0.8783725612383514
-0.6891900409480921,1.2167158484279446
1.9168756977521393,1.1248924553819792
-1.0791598841492613,0.3994001547789969
-3.651998505328529,-1.9318672218719415
-3.651998505328529,-1.9318672218719415
-0.18535587986419308,-0.8022736314263719
-3.606249408103292,-2.2216010411820664
-0.9399986951479998,-1.9691900370286222
1.0095521828484784,-0.10023147557979466
0.4495403528575557,-1.812357127290784
-1.6158244098740169,-2.9800433460339217
-0.1568036284267803,0.14130390284348637
-1.6158244098740169,-2.9800433460339217
0.4495403528575557,-1.812357127290784
0.46137163084175287,-1.8950456653143557
0.7758004224379849,-1.4542106656114
1.1882025050611458,0.46696060537182843
-0.1064566305582964,-2.872185695932221
0.5023425842063052,-1.2581788471828692
-1.1997000856427147,0.4393889963789113
-1.5734238456755394,0.5335935570111475
-0.7146134190792045,-1.6720008025297641
1.857525015181144,-1.5315838202575682
0.16633719382990939,-2.0461048490123153
-0.5159645894675675,-0.5791323234186768
-0.5159645894675675,-0.5791323234186768
-1.531052335864727,-0.7435510604752594
2.0571136679899342,-2.515957643335852
2.0571136679899342,-2.515957643335852
-1.402294943148118,-1.3117152992475953
0.04741532590145849,-2.5889190758307494
-1.3439059881659328,-0.6391696481594571
-0.7402455393179117,0.9312900770340747
-1.1790492630177887,-1.9580510023303916
-3.1683881307068904,0.5431089337687505
-0.8294473022722313,1.4263220498291524
-1.3439059881659328,-0.6391696481594571
-2.069967324918878,-1.1821535700724446
-1.608457685925867,-1.0946368826130324
-0.7455223569659105,0.4534899047673579
-0.9724221011846278,-0.2262920997922044
-0.13238674672309556,0.689356280730859
1.2540567642492924,-1.546372250643263
-0.5468922270875707,-1.2049547427192238
-1.474641444985794,1.431134697596237
0.7248777105632116,-0.2618731939900735
0.15633194067891593,-0.23461055492899524
-2.0827463081075193,0.8235170714897804
-1.0943955164060895,-0.5142526195820443
0.15633194067891593,-0.23461055492899524
2.0231330631428865,0.7706027532346691
-1.4856392489537198,-1.3013861592768337
-1.922889373716644,-0.09247566500073284
-1.594783812344116,1.092270127970796
-1.2064152161538786,0.44073461780187717
0.7411484481472078,-1.7344433339091998
0.7439805010485593,-1.4501081979289336
-1.2064152161538786,0.44073461780187717
4.217546663657893,0.7379312975940805
-3.4979343529837834,-1.2061107895059675
-0.2842795809939136,-2.470856038922523
0.6042387781173617,0.6646957251845604
0.6042387781173617,0.6646957251845604
0.9000155978114444,-1.9583760725336345
0.7975448489881136,2.1880445235924433
1.5580420388663634,0.03931876965851899
0.9000155978114444,-1.9583760725336345
2.796004372979664,-2.0418333969119025
0.45954064549462825,-2.609951749276747
0.16389196684583712,-1.9511701180050027
1.532726505062098,-2.4740497235699066
-1.6061679203484691,-1.6582284605311155
-0.6129557724308088,-0.7102193119197782
-2.0737947727950843,-1.486166400205195
2.355644051166707,-2.4794093725833752
2.355644051166707,-2.4794093725833752
-0.0805968291520466,0.7404791455093043
0.9655232309617036,-1.3336953466565096
0.6746690232465491,3.7930660689056164
-0.4946844258918609,1.3473857101308788
-0.10362104805591618,-0.03618398278248349
0.6746690232465491,3.7930660689056164
0.682406965514962,1.2585935614674195
1.4673720529199068,-2.644062866710106
1.8167482290785295,-1.1496974809812581
1.8167482290785295,-1.1496974809812581
1.3709761488129675,4.319065743919961
0.9486604692518482,-3.1176873924983077
1.3788619052422877,4.509558356608105
-0.5132313461134272,1.150848031733988
0.3641478261655909,-0.06280168610914065
-0.5132313461134272,1.150848031733988
-0.9421292086872421,1.6223115390856748
0.5179790395882564,-1.7123151701372927
-0.1193052819369779,-1.6959520855888603
2.7760734946160253,-0.34056254342476056
2.7760734946160253,-0.34056254342476056
1.5982743956777685,0.11055981358797802
-0.13507918180635872,-1.8479216489249994
-1.8645981880076459,-1.3093443576950532
0.6252691284313345,-1.7486032872272985
-1.1670998293415193,0.24761319003477075
1.3837786718040301,-1.2517184553723357
-1.1670998293415193,0.24761319003477075
0.5050386815982597,-0.9296706948764831
0.9679122362663142,-2.3813778161047088
0.5050386815982597,-0.9296706948764831
0.42398192747507846,-1.476798544301132
-1.258272558213114,-1.517938373396975
-2.3578624128266443,-0.7509873211881622
-1.258272558213114,-1.517938373396975
-0.75643224045982,-1.691483811867541
-2.061271919631813,-1.3369633442167137
-0.13618722019602283,-2.6237296898764226
0.6528589102418734,-2.045679546613969
-0.6014915592707796,0.1238695782611472
2.2712432722196665,0.7070916232796753
-0.8180750535628779,-1.0526371993541137
-2.7178583482259238,-0.4796760195079494
-0.2579637934775826,-1.9352333872663374
1.2827616085358449,-1.6888757613090415
-2.4585545293781244,-0.684043177577156
-1.6563725425406401,-0.41999432437361023
-1.6563725425406401,-0.41999432437361023
-1.6563725425406401,-0.41999432437361023
-2.0186671056344965,-2.191385104117007
-3.5246988363260194,-1.8587792331170407
-0.8209706342632742,-2.482344995368196
-2.710782679852556,-1.0634988367635398
-3.2506961649150727,-0.9559712940478302
1.4108384045768119,-1.1045262733701873
-2.4956885829352293,-1.3577739233643373
0.17653086814059146,-1.9342783792421632
-2.415679964335371,-3.4175169219402437
-2.96821382356908,0.575254775800262
1.4641575721921312,1.4331435935097856
1.6028056302568272,0.7308131017840092
-0.17525585486343745,-0.9822432397076941
-1.6714330309028895,2.9099024771371855
-0.954359576351142,-2.1018101598978602
-0.6147405883992322,-0.32319466938858843
0.06123507550952036,-2.433112936303906
-0.42478476010001753,-1.1799809191863766
1.4512877347588329,-1.7334245008634792
1.4512877347588329,-1.7334245008634792
0.5703008263387592,2.3365807036079578
0.0274328087619592,1.0149106685193583
-0.366124763582181,1.4244814363827283
0.4562351642572345,0.21904498563993552
-1.6400492826238453,-1.9023424800618196
-0.6667795284328057,-0.9499909137208824
-0.8178155205299104,1.0340533025720438
0.26972127444852684,0.13878828957868036
0.1811172487556876,-0.5907328513865933
1.3289069264499298,-1.2519652977873452
-0.32266254825583346,-1.7898474061138163
0.693619453008899,-2.4769959383789266
-0.1997946862172291,-2.6629151613263478
-2.306362808099604,-0.6216939136179873
0.1859979837669259,-0.15056016924927534
0.6669938302320438,-0.8131841070206004
-2.4215626149976166,1.8281950288344622
0.1859979837669259,-0.15056016924927534
0.4866481543942299,0.5061521959310322
-2.6033114545189324,-0.5058196361868774
0.21598892511278076,-0.05424219555606078
1.6588802499453965,-0.9020076021308555
2.070649820961561,-1.891426678419739
0.6262615197094175,-1.2582508174441716
0.5050579835770246,-2.014145189261789
-0.19460247094733407,-0.37408661540506205
-0.19460247094733407,-0.37408661540506205
3.4262339022417176,0.4575836947654439
2.104085302935474,-0.2686870676396788
0.17966623536892634,-0.7147473764799747
-0.9334235261220328,-1.5298160600546447
-0.6932032825319536,-1.7542766038834994
0.7446402730141237,-1.804666952096468
-1.823512357723757,0.4177155919042396
0.8721773454455287,-2.321492999679491
-0.3255985791890483,0.7878338119544392
-0.3255985791890483,0.7878338119544392
-2.5532375375997414,1.6538652642764438
-2.5882018077344777,1.4056608706737475
-2.427062535636909,-2.011616173140604
-3.899781534549043,0.5880032425163143
0.4096361221107893,-0.942887790334146
0.4096361221107893,-0.942887790334146
0.3548043062985205,-2.3697408827567665
1.0845328568742656,0.9079451269453862
-1.3671282853709903,0.7697101070672354
-1.1286922222186762,0.8662583079241807
-1.393099395196341,-1.7127285323516321
-2.0059946334248715,-0.033216039707443835
-1.393099395196341,-1.7127285323516321
-1.1286922222186762,0.8662583079241807
-1.3919371780833694,-0.12020715406822001
0.9905805777195003,-1.8106844443706478
-2.512543256566223,-0.25164769921892965
-0.904282280270126,-1.8821631794787594
-2.540655847939027,-0.24529898049929205
-0.8835067605376608,0.9749706644513029
-1.3831203351309145,0.573403376275143
-0.05500492822360582,1.591145896619969
-0.6801807050743337,-1.3618308128894918
0.20291095090758182,-0.30983456535858994
-0.05500492822360582,1.591145896619969
-0.6801807050743337,-1.3618308128894918
-0.4826730388679348,-2.2646390307686954
-0.1821042633152581,-2.2266366129845125
1.240808548243002,2.9838072892080536
-0.11076811637481411,-0.5267419399535318
-0.11076811637481411,-0.5267419399535318
-0.11076811637481411,-0.5267419399535318
1.4608464716215055,0.6512891497838512
-0.11076811637481411,-0.5267419399535318
-0.8637276823710542,-1.465999704841235
-1.8040192397037993,-0.766674522803274
-0.9480099051314832,0.6480848185378862
-1.8040192397037993,-0.766674522803274
1.3332948243454716,-1.78795990462624
1.4033041328066642,-1.8671809701920756
0.41057315314910753,-1.2642007803830748
0.07694682151981946,0.534689832763368
-0.10349922964546095,0.29276205544862255
0.22232246972285064,-1.3022561354297244
0.42788379206691507,-0.6813253727428662
1.9725156904184817,-1.0101827309047462
1.9725156904184817,-1.0101827309047462
-0.3369343564031037,1.8835930350904941
1.353569000489594,-2.046293806791557
3.3232535543143205,-1.2283016015911588
1.149543235902279,1.2307718456475116
-0.27014847333843534,1.5061874123177863
0.590105258230123,-0.4268683460493481
-4.024308053744527,-0.9981756785880022
-0.21483274812430672,0.644525541016097
-0.18296877358733074,-1.2053537489380899
-1.687395740179882,2.7868880771552527
-0.21483274812430672,0.644525541016097
0.9693948398501457,-0.722901381233619
-3.180893001339054,-1.601950995367383
0.29444949569029005,1.870927439308072
-0.7818462556420323,-0.5315598613530372
-3.180893001339054,-1.601950995367383
-1.1461302171368823,0.426371083463933
-2.3759977536429666,-0.6110293262876386
-0.7369465617301113,1.489766275349484
1.350758620298769,0.7547667168492525
-0.05733633913594304,-1.657522438121205
0.04141961129979557,0.9803664697152452
0.3948048177741264,6.688386275076491
-1.1143800877863506,-0.3124614738051049
-1.13848796781894,0.32869395026277215
-1.1143800877863506,-0.3124614738051049
-0.8027203925977298,-0.5931319822802978
-1.8671738899481454,0.19677193499577406
-1.8671738899481454,0.19677193499577406
-0.7595697447561691,1.1009420124914182
-1.6898876923896444,-0.3040625943275842
-1.5818173130863826,-0.5904201933043552
-1.3601357119394348,0.08204782757883819
-2.9787878226398368,0.3649479505228957
-0.5996695084793009,1.8634395111845972
-0.2801224743286018,0.5158699249426555
-1.8376370513773912,-0.12855087061659046
-1.8376370513773912,-0.12855087061659046
3.814764743552501,1.2294085981627532
-3.4929390733872885,0.10367471312284968
1.217106655590648,1.2017876376781214
-1.1909983685017491,0.5251090150634424
-0.5390337609860963,-0.7070480109851301
-1.4568435476613015,-0.010014194595657248
-1.4568435476613015,-0.010014194595657248
1.7813866641108471,-1.6877868317145437
-0.7800206908436331,0.4354957445465718
-3.5324391476222137,-0.7337271023176918
-4.249357860097458,-1.4179999924125881
-1.7630801698565306,-0.45674791865940856
-2.7916693214808537,-0.09381719853130333
-0.6409443743571832,1.1102057749513723
-1.0985527813243634,-0.4888502727009431
-0.3482770906798713,1.0931801674594284
0.31987116489496015,-1.649839735551387
-1.3584546873532781,-0.530804260115683
-0.3482770906798713,1.0931801674594284
0.6564457083510873,-2.6792074587094588
-1.0025803599953695,0.47123490320235245
-1.0025803599953695,0.47123490320235245
-1.3341712362100653,-0.5200014535663099
0.3125930516268087,0.787478538543212
-1.3657850317088744,-0.5872067261327883
1.9619673496488654,-0.474893776039723
-0.773441886321182,-2.018559156211316
-2.00263770310024,-2.478427697669279
1.0392214242202322,2.0553566325094064
1.0392214242202322,2.0553566325094064
-1.7504118941017086,-0.9651452361668721
-0.6520110366158711,0.6181703750168804
-2.7278682102035887,-1.5711416061134544
-1.5026398318420093,-0.3066304030273893
-0.6520110366158711,0.6181703750168804
-1.285490608140532,3.328644389070908
-1.285490608140532,3.328644389070908
-1.8849815928386455,-1.3584059292893012
-3.447436666993347,-1.7559881429304909
-3.4348765177452485,0.4077073851167375
-3.8678995733466017,-0.8795058021652873
-2.382426206288482,0.5266782447001798
0.3591919525925791,-2.052586404311364
-0.07213177810190573,-0.18161141393312816
-0.6270307440649241,1.4019476797720634
-0.713115310144178,1.312421952823845
0.5790397965203682,1.4568330438655288
-1.883794574326126,-0.0697186631622411
0.5790397965203682,1.4568330438655288
-1.1269396855396374,1.279870908872408
-0.713115310144178,1.312421952823845
-2.0444675145153397,-1.6517581583369447
-1.8470190341758876,0.5837750717137374
-0.9568881091669378,0.3490633132135845
-0.9760120539198791,0.6338282087235833
-0.44042218706040326,1.0864100437148214
-5.275172512333815,-0.9073995288566458
1.1929363429119826,-1.41362566364335
-0.44042218706040326,1.0864100437148214
4.499330743893911,1.54653880472648
0.8916532004192157,0.8875288779308494
-5.387622877825032,-0.8820046539780949
0.13970272261779176,-2.2059842506198284
0.6810796830085165,-0.7028136095438806
-1.323351432015981,-0.5724372668340983
-1.323351432015981,-0.5724372668340983
-1.323351432015981,-0.5724372668340983
-1.323351432015981,-0.5724372668340983
-1.4443350251084366,0.03762671124534791
-0.555900907935274,1.0795168075353494
-0.555900907935274,1.0795168075353494
-0.46982849854981834,2.4471814643635885
-0.14344668169415395,-0.9543440459839022
0.1361819535175439,0.5451149068003451
-1.5721876762040807,-0.19538195427324043
-2.290881826113297,-0.801191126302781
-2.341449827720227,-0.29514312563504
-2.341449827720227,-0.29514312563504
-2.341449827720227,-0.29514312563504
-1.5107580424639493,-0.5303967868052152
-1.5107580424639493,-0.5303967868052152
-1.5107580424639493,-0.5303967868052152
-1.485874936663107,-0.1846007663234024
-1.5107580424639493,-0.5303967868052152
2.257608145993954,-1.3675231838513633
-0.2339647222972607,-0.8043489223109987
-2.764748926605663,-1.431788266124397
-1.7233687618737548,-0.464195035152522
-1.7233687618737548,-0.464195035152522
-1.971550810366531,0.2575116116462743
-0.24232769307255578,1.2906754512114922
-2.2601748156645938,-0.9857362100619639
-1.3971716551545397,0.4859107373620305
-1.3971716551545397,0.4859107373620305
-1.4996241911221728,-0.44208181484825015
-1.311651072974253,-1.1870471173063315
-1.3467398276592901,-1.281005386230622
-1.3468333700567388,0.5525406315753894
0.011764083056128489,4.225923207431396
1.9948401252824515,-1.234586548516561
0.482506646608257,-0.5467002384868515
-0.8810528321747861,0.8037964416199466
1.9948401252824515,-1.234586548516561
-0.7324464803605006,0.6408715390725646
-2.152743468563523,-0.9481381600672917
0.05631051622610555,0.16772837746733069
-1.2275312026070864,0.21980036159482938
0.705812075707126,0.6145580967826715
-0.4431067939589207,0.9616085599718988
-2.453458201040093,-1.3140741788390207
3.3972902645634266,1.445919564170075
1.03522025798523,-1.6343394837483622
3.3972902645634266,1.445919564170075
-0.2717807949582253,2.7593369127069876
-1.395145112285632,0.7658155181340814
-0.5944901207331927,0.9050525320914287
-0.9012386645338534,-0.3939287648857347
-2.551015580432228,0.1396576962147201
-0.8249389338549193,-0.5560936881510333
-1.3966180852490377,-0.41845080585397537
-1.3966180852490377,-0.41845080585397537
-2.0738969688270354,-0.26500417996702497
-0.6592917156638947,1.6744945574307857
-0.6592917156638947,1.6744945574307857
-0.8651318315113798,1.555315852134405
-0.3946672529365072,2.6402395698546264
-1.0246566625485902,-0.27390013229037513
-1.0246566625485902,-0.27390013229037513
-0.13383087453428102,0.6274861175956862
-0.9039710807036025,2.3368193069865186
-3.2503242368797864,-1.283013038632947
-0.7896961768124238,-0.8081097552267589
-1.484194359644556,-1.0977320169882119
-0.5611764561658432,0.30358944289279954
-1.027364045107265,1.9785763743698577
-0.3631450121995541,-0.6340159082231529
-0.3349006797483064,-0.6302215687192498
-0.6918761990987451,1.1994555069988344
-1.5404259335959074,-0.14793948412464247
-1.801069183888703,-0.6999536011070552
-0.6476188109495864,2.8452603270376904
-0.6476188109495864,2.8452603270376904
-0.1264407385356932,-2.131035925073861
0.6559932312920332,-1.7764130704221839
0.17081010597718221,-0.18874466329659617
0.05598899262980383,-1.223938707432721
1.4237452707717861,-1.0429444940606636
-2.1589205824079687,1.120905245968681
0.2376520553624396,-0.5705574935721732
-2.1589205824079687,1.120905245968681
-3.4558393078655056,-1.1057804151631576
-0.9531180545247852,-1.1331121945162572
1.4237452707717861,-1.0429444940606636
1.458492737030716,0.47145612874805665
2.5823758478440095,-1.3551697945262007
-1.870876161554745,-0.3825511408302013
2.5823758478440095,-1.3551697945262007
-0.4826622839279251,-1.085816328087166
-1.0445038391173973,-1.0354605104706116
-0.9112106577280992,2.5432615418999966
-1.0445038391173973,-1.0354605104706116
-0.5690502932380871,0.6763857123932226
-1.4974421392736488,0.9528533606177438
-1.2464878901762857,0.08392576853634834
0.857423786704369,-1.1686436359895807
0.857423786704369,-1.1686436359895807
-0.1309154862805754,-0.7554509024879598
-0.316519490819783,-1.5043538966804337
-1.3221442664679472,0.6680049358291406
0.46874225640026307,0.17782731662444506
-0.8154683582034435,-0.317618829995817
-0.24506026094404,0.15415376361790256
-2.3239152706290622,-2.1294841827802173
-1.2952052168580164,-0.8314733679175872
4.6906731423191195,6.809866137019409
4.6906731423191195,6.809866137019409
2.3441803839174726,1.945056008200625
-1.8126008990382285,0.5549232585375624
-2.02306706732889,-1.1833743401574415
-1.4882595720647087,1.5236821296339462
-0.3572535291463851,-1.347195543968817
-0.059979568057077666,2.4785675213408123
-1.2373150123712877,0.3643329070980325
-2.15412181661469,-1.6891271774337966
-1.4918024995432204,1.511598881548307
-0.06352249553559228,2.466484273255163
-1.2373150123712877,0.3643329070980325
-1.3914703152174304,0.8311565987839015
-1.3231336637096414,1.8025083236681627
-0.37354152479966024,-1.3297769823718963
-0.3572535291463851,-1.347195543968817
0.8105368109586528,-1.3962479067419216
-2.10920194977486,0.5316637257533345
-0.3252843246557446,1.5658070286577352
2.731748174264984,-1.380980462962724
-2.9702847203434706,-0.6579687209837234
-2.5900728522106578,1.3385457269060341
-0.3252843246557446,1.5658070286577352
0.009866700834141671,-1.6426980959764146
-0.1555872164633344,-2.621189749392479
-1.1964666551625902,1.2085768942459096
-2.581850742992062,-0.3319921840651305
-1.756230716996885,-0.12141940830228966
-1.8473547308843186,-0.12980904652836842
-1.5579500412033367,1.236190433771203
-1.5579500412033367,1.236190433771203
-0.13685407966193552,0.8821864147633802
-2.567989342662356,0.6172087204967852
-0.13685407966193552,0.8821864147633802
-1.6042216122215174,1.3334830829327877
0.5799044835732357,-0.5733425507523613
-2.5819352275880845,-1.4039697105506623
0.6149208275703996,-0.5051500210400137
-2.456388613130249,-0.5105481819710737
4.560872546061355,5.67889298919814
-3.0369577340677347,-1.007223245699833
4.560872546061355,5.67889298919814
-3.040500661546246,-1.0193064937854721
-1.1549378696321764,0.46171207960303334
1.3148341930868985,-1.0764519394823169
-2.974183047700996,-0.8645211228563751
1.3148341930868985,-1.0764519394823169
0.27398120643991664,-1.221033513939059
-0.18597270637627256,-2.099405077413009
-2.4748645571434755,-0.8016691281676296
-1.2884929110803183,-0.3163946665276761
-1.4281698387699142,-0.6048049517853779
-2.300155982054003,-0.8502887248364236
-3.4888367700179477,-1.6595746658532748
-2.0022779146663665,-1.507941861106419
-0.9674092065747896,-2.8417836916441823
-3.4888367700179477,-1.6595746658532748
-3.265364624813514,-1.7109301798463907
-0.18507651193221444,2.2661037263328443
-1.5616396833781758,-0.8399801338708093
-1.2426176673692848,-0.7026995420513459
-0.18507651193221444,2.2661037263328443
-2.32116906204231,-1.0955306962829952
-2.5968044923320224,-0.49419697616223635
-2.32116906204231,-1.0955306962829952
-1.4981162394572418,-0.5152169368500176
-0.04703167068710807,1.7003723525185093
-0.8006450994134167,0.564830007678121
-1.0673519126550177,-1.5364837371378508
0.20648525371768417,-1.9411703238134845
-2.297437648056067,-0.5035881255677761
-2.2917793340408963,-0.7720109514074205
0.20648525371768417,-1.9411703238134845
0.8246647851038968,-0.9209949884836266
-0.0051070175645397285,-2.308818876301566
-0.9556226290004758,0.4699948221028371
-1.4717678634638673,0.4519693160196057
-2.4105511519950102,-0.28146342987353956
-1.923327670487819,-0.0160944564453684
-0.9025916913721269,1.8374052788549733
-0.9043631551113848,1.8313636548121468
-0.4807985954836028,0.10967809925645
-1.5554621372935484,0.48383217408003265
0.23307644061582283,-1.1094414801104637
-1.5599105128818345,0.25518111581299
-1.5554621372935484,0.48383217408003265
-1.181431004154939,-0.37187203598538643
-0.4807985954836028,0.10967809925645
-1.022087342521649,0.6389391312460495
-1.158479727167584,0.15233942404449388
-1.273761790141688,0.023209905356627276
-1.1067887506474667,0.12404291463773011
-1.3210454537764929,-0.7502107129176289
0.8519896741108499,0.08393715120270817
-1.7646610649550842,1.708484219640925
-1.779653044849658,-1.4634755900409986
-2.1585580944272276,0.154296809047755
-0.7057940596667545,-0.2772896143514356
-0.04609611586007027,1.6445526507933996
-2.0426072561672624,-1.077114780454194
-1.169897463517142,0.05602781835443853
-2.307898300820582,0.3812307874288415
-2.5035156073043976,-0.006774371383252445
-2.4510259784936577,-0.7006939457485443
-0.35559908733885354,0.950142413062633
-1.8476824861688765,-0.3561864826872243
-0.2134370206214239,-0.5588770190381269
-2.281006909522228,0.7536047935749792
1.3236222175183867,-1.0061838364759679
0.74493707516461,-1.6363090527695234
-1.1575180130031342,-0.37403917707968704
-1.5619758743135892,-0.1374439458096931
-3.1895443526321015,-1.4989192073691104
2.230513718100986,-0.2601810906162999
-0.5006129536011936,-1.4238579887749236
-1.4894788892666497,0.6787459785007188
-1.4749895866836784,0.7322597939748946
-2.0932977694678474,1.341339287207695
-1.3636159196421898,0.789654047444043
-2.5550048293282925,0.005669624310249981
-1.5407014679843685,-0.6969445470544651
-2.428329566919902,0.22148543734264078
-2.5550048293282925,0.005669624310249981
1.0295851220274963,5.608573599133187
-0.31517806425174233,2.3822222989970534
-0.31517806425174233,2.3822222989970534
-0.31517806425174233,2.3822222989970534
-1.331037030523604,-0.3679595414006016
-1.331037030523604,-0.3679595414006016
-1.331037030523604,-0.3679595414006016
-1.8980358210066615,0.29492028375179463
0.24655173646199005,-0.9447397408010859
-1.331037030523604,-0.3679595414006016
-1.0742679508720658,0.8028699413539646
-2.4026575442874014,-0.9804408140806087
0.2005161404181553,-1.1884540120650604
-1.7116037713260541,-1.0757788122109266
-0.7867483874724,2.403113848017383
-2.3586124375339823,-0.7660286413114341
1.3797609138429194,2.7484006559921474
-0.5250536755588897,-1.60682581368394
0.913681280316433,-1.3788329884582688
-1.9046811704812776,-0.10447389482083268
-1.5204010868864373,-0.7194686552183346
-2.7487978258860353,-0.4294525167436778
-0.782223201131674,-1.8146589795047403
-2.7487978258860353,-0.4294525167436778
-3.2081327318699446,-0.8894833753106747
-0.8299426752351301,1.688286259098622
-0.20802661079575932,-0.970115601303996
-0.04001153221201291,-0.6555872350338817
-0.07148094637700121,0.01458566789510673
-2.5235417712117534,-0.41417569003376836
-0.9724725959604787,0.7980400836598277
-0.23680183160823604,3.232016475182816
-1.726462811961838,-0.5289396648253263
-3.4864491672861426,-0.579962177870096
-1.4561289720032304,0.31174559419597486
-1.2356175152987336,0.925345605319415
-2.1505000997285024,0.8142860027903648
-2.2144960797623683,0.8931013579267878
-1.4561289720032304,0.31174559419597486
-2.2705179272769045,0.9797911109249221
-0.42697475194939516,-0.5366902059458017
